{
    "overall_accuracy": 0.6,
    "avg_time_ms": 98.61017862955728,
    "metrics_per_class": {
        "Covered": {
            "Precision": 1.0,
            "Recall": 0.1,
            "F1": 0.18181818181818182,
            "FPR": 0.0,
            "FNR": 0.9
        },
        "Suspected Gap": {
            "Precision": 0.4,
            "Recall": 0.5714285714285714,
            "F1": 0.47058823529411764,
            "FPR": 0.2608695652173913,
            "FNR": 0.42857142857142855
        },
        "Confirmed Gap": {
            "Precision": 0.6842105263157895,
            "Recall": 1.0,
            "F1": 0.8125000000000001,
            "FPR": 0.35294117647058826,
            "FNR": 0.0
        }
    },
    "confusion_matrix": {
        "Covered": {
            "Covered": 1,
            "Suspected Gap": 6,
            "Confirmed Gap": 3
        },
        "Suspected Gap": {
            "Covered": 0,
            "Suspected Gap": 4,
            "Confirmed Gap": 3
        },
        "Confirmed Gap": {
            "Covered": 0,
            "Suspected Gap": 0,
            "Confirmed Gap": 13
        }
    },
    "ablation_accuracy": {
        "semantic": 0.43333333333333335,
        "embedding": 0.4666666666666667,
        "tfidf": 0.5,
        "keyword": 0.43333333333333335,
        "fuzzy": 0.43333333333333335
    },
    "binary_gap_metrics": {
        "False Positive Rate (Flagged Gap when Covered)": 0.9,
        "False Negative Rate (Missed a real Gap)": 0.0
    }
}